Node 1;Node 2;Weight;Mentions
boy;Ron;-0.093253968254;9
boy;Harry;0.0333333333333;10
Scabbers;Ron;0.333333333333;1
Ron;boy;-0.093253968254;9
Ron;Scabbers;0.333333333333;1
Ron;I'd;0.333333333333;1
Ron;George;-0.220833333333;1
Ron;Harry;0.0380036630037;13
I'd;Ron;0.333333333333;1
Harry;boy;0.0333333333333;10
Harry;Ron;0.0380036630037;13
George;Ron;-0.220833333333;1
