Node 1;Node 2;Weight;Mentions
Night;Dursley;0.0302083333333;1
Dundee;Dursley;0.0302083333333;1
Dudley;Dursley;0.0895202020202;3
Dursley;Night;0.0302083333333;1
Dursley;Dudley;0.0895202020202;3
Dursley;Dundee;0.0302083333333;1
