Node 1;Node 2;Weight;Mentions
Lupin;Dumbledore;0.116388888889;6
Lupin;Ron;0.221464646465;6
Professor;Dumbledore;0.201136363636;1
Dumbledore;Professor;0.201136363636;1
Dumbledore;Lupin;0.116388888889;6
Dumbledore;Dementors;0.0742694805195;1
Dumbledore;Ron;0.290890151515;8
Dementors;Dumbledore;0.0742694805195;1
Ron;Lupin;0.221464646465;6
Ron;Dumbledore;0.290890151515;8
