Node 1;Node 2;Weight;Mentions
Comet;Wood;-0.0166666666667;1
Gryffindor;Wood;-0.0166666666667;1
Wood;Comet;-0.0166666666667;1
Wood;Gryffindor;-0.0166666666667;1
Wood;Ravenclaw;0.0;2
Wood;Beater;0.0333333333333;3
Ravenclaw;Wood;0.0;2
Ravenclaw;Beater;0.0333333333333;3
Beater;Wood;0.0333333333333;3
Beater;Ravenclaw;0.0333333333333;3
