Node 1;Node 2;Weight;Mentions
cake;Ron;0.00100446428571;8
Ron;cake;0.00100446428571;8
