Node 1;Node 2;Weight;Mentions
Fubster;Marge;-0.169166666667;1
Aunt;Marge;-0.015873015873;3
Marge;Fubster;-0.169166666667;1
Marge;Aunt;-0.015873015873;3
