Node 1;Node 2;Weight;Mentions
Malfoy;Ron;0.364583333333;1
Ron;Malfoy;0.364583333333;1
Ron;Harry;-0.0592592592593;4
Harry;Ron;-0.0592592592593;4
