Node 1;Node 2;Weight;Mentions
Muggles;Harry;0.166666666667;1
Black;Hermione;-0.0277777777778;3
Black;Ron;0.00987654320988;9
Black;Harry;0.0881944444444;6
Hermione;Black;-0.0277777777778;3
Hermione;Ron;0.0215277777778;8
Hermione;Harry;0.1225;5
Ron;Black;0.00987654320988;9
Ron;Hermione;0.0215277777778;8
Ron;Harry;0.0713383838384;11
Harry;Muggles;0.166666666667;1
Harry;Black;0.0881944444444;6
Harry;Hermione;0.1225;5
Harry;Ron;0.0713383838384;11
Harry;Harry;0.0;1
