Node 1;Node 2;Weight;Mentions
Sirius;Hermione;0.127604166667;6
Sirius;Harry;0.0379464285714;7
Hermione;Sirius;0.127604166667;6
Hermione;Harry;0.214285714286;7
Harry;Sirius;0.0379464285714;7
Harry;Hermione;0.214285714286;7
