Node 1;Node 2;Weight;Mentions
long;Harry;-0.025;1
Wood;Harry;-0.0972222222222;4
Scabbers;Harry;0.0650793650794;1
Ron;Harry;0.0650793650794;1
Harry;long;-0.025;1
Harry;Wood;-0.0972222222222;4
Harry;Scabbers;0.0650793650794;1
Harry;Ron;0.0650793650794;1
