Node 1;Node 2;Weight;Mentions
Percy;Dumbledore;0.0251322751323;12
Percy;Hermione;0.040425170068;7
Percy;Harry;0.203412698413;6
Dumbledore;Percy;0.0251322751323;12
Dumbledore;Hermione;-0.113487654321;9
Dumbledore;Harry;-0.0104861111111;8
Hermione;Percy;0.040425170068;7
Hermione;Dumbledore;-0.113487654321;9
Hermione;Harry;-0.0341666666667;3
Harry;Percy;0.203412698413;6
Harry;Dumbledore;-0.0104861111111;8
Harry;Hermione;-0.0341666666667;3
