Book;Threshold;SIR;Clustering;Degree
harry_potter_1;8;49.6031746032;0.489237470541;
harry_potter_2;8;61.0863757792;0.518426721414;
harry_potter_3;6;55.5354993983;0.580131499262;
