Book;%ID
harry_potter_1;49.6031746032
harry_potter_2;61.0863757792
harry_potter_3;55.5354993983
