Book;%ID
harry_potter_1;99.751984127
harry_potter_2;98.6642920748
harry_potter_3;99.9097472924
