Node 1;Node 2;Weight;Mentions
Dursley;Night;0.0302083333333;1
Dursley;You-Know-Who;0.260416666667;1
Dursley;Dudley;0.0895202020202;3
Dursley;Dundee;0.0302083333333;1
Night;Dursley;0.0302083333333;1
You-Know-Who;Dursley;0.260416666667;1
Dudley;Dursley;0.0895202020202;3
Dundee;Dursley;0.0302083333333;1
