Node 1;Node 2;Weight;Mentions
Ron;Hermione;0.191388888889;10
Ron;Lockhart;0.200207679226;13
Ron;Harry;0.325;5
Hermione;Ron;0.191388888889;10
Hermione;Hermione;0.145;1
Hermione;Lockhart;0.0844392479214;15
Hermione;Harry;0.0412698412698;7
Lockhart;Hermione;0.0844392479214;15
Lockhart;Ron;0.200207679226;13
Lockhart;Harry;0.0977699829932;10
Harry;Ron;0.325;5
Harry;Lockhart;0.0977699829932;10
Harry;Hermione;0.0412698412698;7
