Node 1;Node 2;Weight;Mentions
Ron;Malfoy;-0.208333333333;1
Ron;Hermione;0.179836309524;8
Ron;sharply;-0.00875850340136;7
Malfoy;Hermione;-0.0333333333333;1
Malfoy;Ron;-0.208333333333;1
Muggle;Hermione;-0.03125;1
Hermione;Malfoy;-0.0333333333333;1
Hermione;Muggle;-0.03125;1
Hermione;Lacewing;0.0555555555556;1
Hermione;Ron;0.179836309524;8
Hermione;sharply;0.110714285714;7
sharply;Hermione;0.110714285714;7
sharply;Ron;-0.00875850340136;7
Lacewing;Hermione;0.0555555555556;1
