Node 1;Node 2;Weight;Mentions
Harry;Ron;0.141666666667;3
Harry;Fang;-0.0464285714286;2
Harry;abruptly;-0.0291666666667;2
Ron;Harry;0.141666666667;3
Ron;Fang;0.110714285714;3
Ron;abruptly;0.122222222222;3
Fang;Harry;-0.0464285714286;2
Fang;Ron;0.110714285714;3
Fang;abruptly;-0.0755952380952;2
abruptly;Ron;0.122222222222;3
abruptly;Fang;-0.0755952380952;2
abruptly;Harry;-0.0291666666667;2
