Node 1;Node 2;Weight;Mentions
hoarsely;sharply;0.0;4
hoarsely;Ron;0.00902777777778;12
hoarsely;Harry;-0.0269803113553;13
sharply;hoarsely;0.0;4
sharply;Ron;0.0108333333333;10
sharply;Harry;-0.0318858225108;11
Ron;hoarsely;0.00902777777778;12
Ron;sharply;0.0108333333333;10
Ron;Harry;-0.0127584586466;19
Harry;hoarsely;-0.0269803113553;13
Harry;sharply;-0.0318858225108;11
Harry;Ron;-0.0127584586466;19
