Node 1;Node 2;Weight;Mentions
Ron;Vernon;0.0;1
Ron;Uncle;0.0208333333333;6
Century;Harry;-0.202777777778;1
Vernon;Ron;0.0;1
Uncle;Ron;0.0208333333333;6
Uncle;Harry;0.257142857143;1
Harry;Century;-0.202777777778;1
Harry;Uncle;0.257142857143;1
Harry;Harry;0.257142857143;1
