Node 1;Node 2;Weight;Mentions
Century;Harry;-0.202777777778;1
Uncle;Harry;0.257142857143;1
Harry;Century;-0.202777777778;1
Harry;Uncle;0.257142857143;1
Harry;Harry;0.257142857143;1
